"iso3c";"year";"country";"n_sp";"n_cct";"n_lpi";"n_ncp"
"ARG";"1948";"Argentina";"1";"0";"0";"1"
"ARG";"1990";"Argentina";"0";"0";"0";"0"
"ARG";"1991";"Argentina";"0";"0";"0";"0"
"ARG";"1992";"Argentina";"0";"0";"0";"0"
"ARG";"1993";"Argentina";"0";"0";"0";"0"
"ARG";"1994";"Argentina";"0";"0";"0";"0"
"ARG";"1995";"Argentina";"0";"0";"0";"0"
"ARG";"1996";"Argentina";"0";"0";"0";"0"
"ARG";"1997";"Argentina";"0";"0";"0";"0"
"ARG";"1998";"Argentina";"0";"0";"0";"0"
"ARG";"1999";"Argentina";"0";"0";"0";"0"
"ARG";"2000";"Argentina";"0";"0";"0";"0"
"ARG";"2001";"Argentina";"0";"0";"0";"0"
"ARG";"2002";"Argentina";"0";"1";"0";"1"
"ARG";"2003";"Argentina";"0";"0";"3";"3"
"ARG";"2004";"Argentina";"0";"0";"0";"0"
"ARG";"2005";"Argentina";"0";"2";"0";"2"
"ARG";"2006";"Argentina";"0";"0";"2";"2"
"ARG";"2007";"Argentina";"0";"0";"1";"1"
"ARG";"2008";"Argentina";"0";"0";"1";"1"
"ARG";"2009";"Argentina";"0";"1";"2";"3"
"ARG";"2010";"Argentina";"0";"0";"0";"0"
"ARG";"2011";"Argentina";"0";"0";"0";"0"
"ARG";"2012";"Argentina";"0";"0";"0";"0"
"ARG";"2013";"Argentina";"0";"0";"0";"0"
"ARG";"2014";"Argentina";"0";"0";"2";"2"
"ARG";"2015";"Argentina";"0";"0";"1";"1"
"ARG";"2016";"Argentina";"1";"0";"0";"1"
"ARG";"2017";"Argentina";"0";"0";"2";"2"
"ARG";"2018";"Argentina";"0";"0";"1";"1"
"ARG";"2019";"Argentina";"0";"0";"0";"0"
"ARG";"2020";"Argentina";"0";"0";"1";"1"
"ARG";"2021";"Argentina";"0";"0";"1";"1"
"ARG";"2022";"Argentina";"0";"0";"1";"1"
"ARG";"2023";"Argentina";"0";"0";"0";"0"
"ARG";"2024";"Argentina";"0";"0";"0";"0"
"ATG";"1990";"Antigua & Barbuda";"0";"0";"0";"0"
"ATG";"1991";"Antigua & Barbuda";"0";"0";"0";"0"
"ATG";"1992";"Antigua & Barbuda";"0";"0";"0";"0"
"ATG";"1993";"Antigua & Barbuda";"1";"0";"0";"1"
"ATG";"1994";"Antigua & Barbuda";"0";"0";"0";"0"
"ATG";"1995";"Antigua & Barbuda";"0";"0";"0";"0"
"ATG";"1996";"Antigua & Barbuda";"0";"0";"0";"0"
"ATG";"1997";"Antigua & Barbuda";"0";"0";"0";"0"
"ATG";"1998";"Antigua & Barbuda";"0";"0";"0";"0"
"ATG";"1999";"Antigua & Barbuda";"0";"0";"0";"0"
"ATG";"2000";"Antigua & Barbuda";"0";"0";"0";"0"
"ATG";"2001";"Antigua & Barbuda";"0";"0";"0";"0"
"ATG";"2002";"Antigua & Barbuda";"0";"0";"0";"0"
"ATG";"2003";"Antigua & Barbuda";"0";"0";"0";"0"
"ATG";"2004";"Antigua & Barbuda";"0";"0";"0";"0"
"ATG";"2005";"Antigua & Barbuda";"0";"0";"0";"0"
"ATG";"2006";"Antigua & Barbuda";"0";"0";"0";"0"
"ATG";"2007";"Antigua & Barbuda";"0";"0";"0";"0"
"ATG";"2008";"Antigua & Barbuda";"0";"0";"0";"0"
"ATG";"2009";"Antigua & Barbuda";"1";"0";"0";"1"
"ATG";"2010";"Antigua & Barbuda";"0";"0";"0";"0"
"ATG";"2011";"Antigua & Barbuda";"0";"0";"0";"0"
"ATG";"2012";"Antigua & Barbuda";"0";"0";"0";"0"
"ATG";"2013";"Antigua & Barbuda";"0";"0";"0";"0"
"ATG";"2014";"Antigua & Barbuda";"0";"0";"0";"0"
"ATG";"2015";"Antigua & Barbuda";"0";"0";"0";"0"
"ATG";"2016";"Antigua & Barbuda";"0";"0";"0";"0"
"ATG";"2017";"Antigua & Barbuda";"0";"0";"0";"0"
"ATG";"2018";"Antigua & Barbuda";"0";"0";"0";"0"
"ATG";"2019";"Antigua & Barbuda";"0";"0";"0";"0"
"ATG";"2020";"Antigua & Barbuda";"0";"0";"0";"0"
"ATG";"2021";"Antigua & Barbuda";"0";"0";"0";"0"
"ATG";"2022";"Antigua & Barbuda";"0";"0";"0";"0"
"ATG";"2023";"Antigua & Barbuda";"0";"0";"0";"0"
"ATG";"2024";"Antigua & Barbuda";"0";"0";"0";"0"
"BHS";"1972";"Bahamas";"2";"0";"0";"2"
"BHS";"1990";"Bahamas";"0";"0";"0";"0"
"BHS";"1991";"Bahamas";"0";"0";"0";"0"
"BHS";"1992";"Bahamas";"0";"0";"0";"0"
"BHS";"1993";"Bahamas";"0";"0";"0";"0"
"BHS";"1994";"Bahamas";"0";"0";"0";"0"
"BHS";"1995";"Bahamas";"0";"0";"0";"0"
"BHS";"1996";"Bahamas";"0";"0";"0";"0"
"BHS";"1997";"Bahamas";"0";"0";"0";"0"
"BHS";"1998";"Bahamas";"0";"0";"0";"0"
"BHS";"1999";"Bahamas";"0";"0";"0";"0"
"BHS";"2000";"Bahamas";"0";"0";"0";"0"
"BHS";"2001";"Bahamas";"0";"0";"0";"0"
"BHS";"2002";"Bahamas";"0";"0";"0";"0"
"BHS";"2003";"Bahamas";"0";"0";"0";"0"
"BHS";"2004";"Bahamas";"0";"0";"0";"0"
"BHS";"2005";"Bahamas";"0";"0";"0";"0"
"BHS";"2006";"Bahamas";"0";"0";"0";"0"
"BHS";"2007";"Bahamas";"0";"0";"0";"0"
"BHS";"2008";"Bahamas";"0";"0";"0";"0"
"BHS";"2009";"Bahamas";"0";"0";"0";"0"
"BHS";"2010";"Bahamas";"0";"0";"0";"0"
"BHS";"2011";"Bahamas";"0";"0";"0";"0"
"BHS";"2012";"Bahamas";"0";"0";"0";"0"
"BHS";"2013";"Bahamas";"0";"0";"0";"0"
"BHS";"2014";"Bahamas";"0";"0";"0";"0"
"BHS";"2015";"Bahamas";"0";"0";"0";"0"
"BHS";"2016";"Bahamas";"0";"0";"0";"0"
"BHS";"2017";"Bahamas";"0";"0";"0";"0"
"BHS";"2018";"Bahamas";"0";"0";"0";"0"
"BHS";"2019";"Bahamas";"0";"0";"0";"0"
"BHS";"2020";"Bahamas";"0";"0";"0";"0"
"BHS";"2021";"Bahamas";"0";"0";"0";"0"
"BHS";"2022";"Bahamas";"0";"0";"0";"0"
"BHS";"2023";"Bahamas";"0";"0";"0";"0"
"BHS";"2024";"Bahamas";"0";"0";"0";"0"
"BLZ";"1990";"Belize";"0";"0";"0";"0"
"BLZ";"1991";"Belize";"0";"0";"0";"0"
"BLZ";"1992";"Belize";"0";"0";"0";"0"
"BLZ";"1993";"Belize";"0";"0";"0";"0"
"BLZ";"1994";"Belize";"0";"0";"0";"0"
"BLZ";"1995";"Belize";"0";"0";"0";"0"
"BLZ";"1996";"Belize";"0";"0";"0";"0"
"BLZ";"1997";"Belize";"0";"0";"0";"0"
"BLZ";"1998";"Belize";"0";"0";"0";"0"
"BLZ";"1999";"Belize";"0";"0";"0";"0"
"BLZ";"2000";"Belize";"0";"0";"0";"0"
"BLZ";"2001";"Belize";"0";"0";"0";"0"
"BLZ";"2002";"Belize";"0";"0";"0";"0"
"BLZ";"2003";"Belize";"1";"0";"0";"1"
"BLZ";"2004";"Belize";"0";"0";"0";"0"
"BLZ";"2005";"Belize";"0";"0";"0";"0"
"BLZ";"2006";"Belize";"0";"0";"0";"0"
"BLZ";"2007";"Belize";"0";"0";"0";"0"
"BLZ";"2008";"Belize";"0";"0";"0";"0"
"BLZ";"2009";"Belize";"0";"0";"0";"0"
"BLZ";"2010";"Belize";"0";"0";"0";"0"
"BLZ";"2011";"Belize";"0";"1";"0";"1"
"BLZ";"2012";"Belize";"0";"0";"0";"0"
"BLZ";"2013";"Belize";"0";"0";"0";"0"
"BLZ";"2014";"Belize";"0";"0";"0";"0"
"BLZ";"2015";"Belize";"0";"0";"0";"0"
"BLZ";"2016";"Belize";"0";"0";"0";"0"
"BLZ";"2017";"Belize";"0";"0";"0";"0"
"BLZ";"2018";"Belize";"0";"0";"0";"0"
"BLZ";"2019";"Belize";"0";"0";"0";"0"
"BLZ";"2020";"Belize";"0";"0";"0";"0"
"BLZ";"2021";"Belize";"0";"0";"0";"0"
"BLZ";"2022";"Belize";"0";"0";"0";"0"
"BLZ";"2023";"Belize";"0";"0";"0";"0"
"BLZ";"2024";"Belize";"0";"0";"0";"0"
"BMU";"1970";"Bermuda";"1";"0";"0";"1"
"BMU";"1990";"Bermuda";"0";"0";"0";"0"
"BMU";"1991";"Bermuda";"0";"0";"0";"0"
"BMU";"1992";"Bermuda";"0";"0";"0";"0"
"BMU";"1993";"Bermuda";"0";"0";"0";"0"
"BMU";"1994";"Bermuda";"0";"0";"0";"0"
"BMU";"1995";"Bermuda";"0";"0";"0";"0"
"BMU";"1996";"Bermuda";"0";"0";"0";"0"
"BMU";"1997";"Bermuda";"0";"0";"0";"0"
"BMU";"1998";"Bermuda";"0";"0";"0";"0"
"BMU";"1999";"Bermuda";"0";"0";"0";"0"
"BMU";"2000";"Bermuda";"0";"0";"0";"0"
"BMU";"2001";"Bermuda";"0";"0";"0";"0"
"BMU";"2002";"Bermuda";"0";"0";"0";"0"
"BMU";"2003";"Bermuda";"0";"0";"0";"0"
"BMU";"2004";"Bermuda";"0";"0";"0";"0"
"BMU";"2005";"Bermuda";"0";"0";"0";"0"
"BMU";"2006";"Bermuda";"0";"0";"0";"0"
"BMU";"2007";"Bermuda";"0";"0";"0";"0"
"BMU";"2008";"Bermuda";"0";"0";"0";"0"
"BMU";"2009";"Bermuda";"0";"0";"0";"0"
"BMU";"2010";"Bermuda";"0";"0";"0";"0"
"BMU";"2011";"Bermuda";"0";"0";"0";"0"
"BMU";"2012";"Bermuda";"0";"0";"0";"0"
"BMU";"2013";"Bermuda";"0";"0";"0";"0"
"BMU";"2014";"Bermuda";"0";"0";"0";"0"
"BMU";"2015";"Bermuda";"0";"0";"0";"0"
"BMU";"2016";"Bermuda";"0";"0";"0";"0"
"BMU";"2017";"Bermuda";"0";"0";"0";"0"
"BMU";"2018";"Bermuda";"0";"0";"0";"0"
"BMU";"2019";"Bermuda";"0";"0";"0";"0"
"BMU";"2020";"Bermuda";"0";"0";"0";"0"
"BMU";"2021";"Bermuda";"0";"0";"0";"0"
"BMU";"2022";"Bermuda";"0";"0";"0";"0"
"BMU";"2023";"Bermuda";"0";"0";"0";"0"
"BMU";"2024";"Bermuda";"0";"0";"0";"0"
"BOL";"1990";"Bolivia";"0";"0";"0";"0"
"BOL";"1991";"Bolivia";"0";"0";"0";"0"
"BOL";"1992";"Bolivia";"0";"0";"0";"0"
"BOL";"1993";"Bolivia";"0";"0";"0";"0"
"BOL";"1994";"Bolivia";"0";"0";"0";"0"
"BOL";"1995";"Bolivia";"0";"0";"0";"0"
"BOL";"1996";"Bolivia";"0";"0";"0";"0"
"BOL";"1997";"Bolivia";"1";"0";"0";"1"
"BOL";"1998";"Bolivia";"0";"0";"0";"0"
"BOL";"1999";"Bolivia";"0";"0";"0";"0"
"BOL";"2000";"Bolivia";"0";"0";"0";"0"
"BOL";"2001";"Bolivia";"0";"0";"0";"0"
"BOL";"2002";"Bolivia";"0";"0";"0";"0"
"BOL";"2003";"Bolivia";"0";"0";"0";"0"
"BOL";"2004";"Bolivia";"0";"0";"0";"0"
"BOL";"2005";"Bolivia";"0";"0";"0";"0"
"BOL";"2006";"Bolivia";"0";"1";"0";"1"
"BOL";"2007";"Bolivia";"0";"0";"0";"0"
"BOL";"2008";"Bolivia";"1";"0";"1";"2"
"BOL";"2009";"Bolivia";"0";"1";"0";"1"
"BOL";"2010";"Bolivia";"0";"0";"0";"0"
"BOL";"2011";"Bolivia";"0";"0";"0";"0"
"BOL";"2012";"Bolivia";"0";"0";"1";"1"
"BOL";"2013";"Bolivia";"1";"0";"2";"3"
"BOL";"2014";"Bolivia";"0";"0";"1";"1"
"BOL";"2015";"Bolivia";"0";"0";"0";"0"
"BOL";"2016";"Bolivia";"0";"0";"0";"0"
"BOL";"2017";"Bolivia";"0";"0";"2";"2"
"BOL";"2018";"Bolivia";"1";"0";"1";"2"
"BOL";"2019";"Bolivia";"0";"0";"0";"0"
"BOL";"2020";"Bolivia";"0";"0";"0";"0"
"BOL";"2021";"Bolivia";"0";"0";"0";"0"
"BOL";"2022";"Bolivia";"0";"0";"0";"0"
"BOL";"2023";"Bolivia";"0";"0";"0";"0"
"BOL";"2024";"Bolivia";"0";"0";"0";"0"
"BRA";"1990";"Brazil";"0";"0";"0";"0"
"BRA";"1991";"Brazil";"0";"0";"0";"0"
"BRA";"1992";"Brazil";"0";"0";"0";"0"
"BRA";"1993";"Brazil";"1";"0";"1";"2"
"BRA";"1994";"Brazil";"0";"0";"0";"0"
"BRA";"1995";"Brazil";"0";"0";"0";"0"
"BRA";"1996";"Brazil";"1";"1";"0";"2"
"BRA";"1997";"Brazil";"0";"0";"0";"0"
"BRA";"1998";"Brazil";"0";"0";"0";"0"
"BRA";"1999";"Brazil";"0";"0";"0";"0"
"BRA";"2000";"Brazil";"0";"0";"0";"0"
"BRA";"2001";"Brazil";"0";"2";"0";"2"
"BRA";"2002";"Brazil";"0";"0";"0";"0"
"BRA";"2003";"Brazil";"0";"2";"1";"3"
"BRA";"2004";"Brazil";"0";"0";"0";"0"
"BRA";"2005";"Brazil";"0";"0";"2";"2"
"BRA";"2006";"Brazil";"0";"0";"0";"0"
"BRA";"2007";"Brazil";"0";"0";"1";"1"
"BRA";"2008";"Brazil";"0";"0";"0";"0"
"BRA";"2009";"Brazil";"0";"0";"0";"0"
"BRA";"2010";"Brazil";"0";"0";"0";"0"
"BRA";"2011";"Brazil";"0";"1";"2";"3"
"BRA";"2012";"Brazil";"0";"0";"2";"2"
"BRA";"2013";"Brazil";"0";"0";"0";"0"
"BRA";"2014";"Brazil";"0";"0";"0";"0"
"BRA";"2015";"Brazil";"0";"0";"0";"0"
"BRA";"2016";"Brazil";"0";"0";"0";"0"
"BRA";"2017";"Brazil";"0";"0";"1";"1"
"BRA";"2018";"Brazil";"0";"0";"0";"0"
"BRA";"2019";"Brazil";"0";"0";"0";"0"
"BRA";"2020";"Brazil";"0";"0";"0";"0"
"BRA";"2021";"Brazil";"0";"1";"1";"2"
"BRA";"2022";"Brazil";"0";"0";"1";"1"
"BRA";"2023";"Brazil";"0";"1";"0";"1"
"BRA";"2024";"Brazil";"0";"0";"0";"0"
"BRB";"1982";"Barbados";"1";"0";"0";"1"
"BRB";"1990";"Barbados";"0";"0";"0";"0"
"BRB";"1991";"Barbados";"0";"0";"0";"0"
"BRB";"1992";"Barbados";"0";"0";"0";"0"
"BRB";"1993";"Barbados";"0";"0";"0";"0"
"BRB";"1994";"Barbados";"0";"0";"0";"0"
"BRB";"1995";"Barbados";"0";"0";"0";"0"
"BRB";"1996";"Barbados";"0";"0";"0";"0"
"BRB";"1997";"Barbados";"0";"0";"0";"0"
"BRB";"1998";"Barbados";"0";"0";"0";"0"
"BRB";"1999";"Barbados";"0";"0";"0";"0"
"BRB";"2000";"Barbados";"0";"0";"0";"0"
"BRB";"2001";"Barbados";"0";"0";"0";"0"
"BRB";"2002";"Barbados";"0";"0";"0";"0"
"BRB";"2003";"Barbados";"0";"0";"0";"0"
"BRB";"2004";"Barbados";"0";"0";"0";"0"
"BRB";"2005";"Barbados";"0";"0";"0";"0"
"BRB";"2006";"Barbados";"0";"0";"0";"0"
"BRB";"2007";"Barbados";"0";"0";"0";"0"
"BRB";"2008";"Barbados";"0";"0";"0";"0"
"BRB";"2009";"Barbados";"0";"0";"0";"0"
"BRB";"2010";"Barbados";"0";"0";"0";"0"
"BRB";"2011";"Barbados";"0";"0";"0";"0"
"BRB";"2012";"Barbados";"0";"0";"0";"0"
"BRB";"2013";"Barbados";"0";"0";"0";"0"
"BRB";"2014";"Barbados";"0";"0";"0";"0"
"BRB";"2015";"Barbados";"0";"0";"0";"0"
"BRB";"2016";"Barbados";"0";"0";"0";"0"
"BRB";"2017";"Barbados";"0";"0";"0";"0"
"BRB";"2018";"Barbados";"0";"0";"0";"0"
"BRB";"2019";"Barbados";"0";"0";"0";"0"
"BRB";"2020";"Barbados";"0";"0";"0";"0"
"BRB";"2021";"Barbados";"0";"0";"0";"0"
"BRB";"2022";"Barbados";"0";"0";"0";"0"
"BRB";"2023";"Barbados";"0";"0";"0";"0"
"BRB";"2024";"Barbados";"0";"0";"0";"0"
"CHL";"1975";"Chile";"1";"0";"0";"1"
"CHL";"1981";"Chile";"0";"1";"0";"1"
"CHL";"1990";"Chile";"0";"0";"0";"0"
"CHL";"1991";"Chile";"0";"0";"0";"0"
"CHL";"1992";"Chile";"0";"0";"1";"1"
"CHL";"1993";"Chile";"0";"0";"0";"0"
"CHL";"1994";"Chile";"0";"0";"0";"0"
"CHL";"1995";"Chile";"0";"0";"0";"0"
"CHL";"1996";"Chile";"0";"0";"0";"0"
"CHL";"1997";"Chile";"0";"0";"1";"1"
"CHL";"1998";"Chile";"0";"0";"0";"0"
"CHL";"1999";"Chile";"0";"0";"1";"1"
"CHL";"2000";"Chile";"0";"0";"0";"0"
"CHL";"2001";"Chile";"0";"0";"1";"1"
"CHL";"2002";"Chile";"0";"1";"2";"3"
"CHL";"2003";"Chile";"0";"0";"0";"0"
"CHL";"2004";"Chile";"0";"0";"0";"0"
"CHL";"2005";"Chile";"0";"0";"2";"2"
"CHL";"2006";"Chile";"0";"0";"2";"2"
"CHL";"2007";"Chile";"0";"0";"2";"2"
"CHL";"2008";"Chile";"1";"0";"1";"2"
"CHL";"2009";"Chile";"0";"0";"4";"4"
"CHL";"2010";"Chile";"0";"0";"0";"0"
"CHL";"2011";"Chile";"0";"0";"1";"1"
"CHL";"2012";"Chile";"0";"1";"0";"1"
"CHL";"2013";"Chile";"0";"0";"1";"1"
"CHL";"2014";"Chile";"0";"0";"1";"1"
"CHL";"2015";"Chile";"0";"0";"3";"3"
"CHL";"2016";"Chile";"0";"0";"1";"1"
"CHL";"2017";"Chile";"0";"0";"0";"0"
"CHL";"2018";"Chile";"0";"0";"0";"0"
"CHL";"2019";"Chile";"0";"0";"2";"2"
"CHL";"2020";"Chile";"0";"0";"0";"0"
"CHL";"2021";"Chile";"0";"0";"0";"0"
"CHL";"2022";"Chile";"1";"0";"0";"1"
"CHL";"2023";"Chile";"0";"0";"0";"0"
"CHL";"2024";"Chile";"0";"0";"0";"0"
"COL";"1990";"Colombia";"0";"0";"0";"0"
"COL";"1991";"Colombia";"0";"0";"0";"0"
"COL";"1992";"Colombia";"0";"0";"0";"0"
"COL";"1993";"Colombia";"0";"0";"0";"0"
"COL";"1994";"Colombia";"0";"0";"0";"0"
"COL";"1995";"Colombia";"0";"0";"0";"0"
"COL";"1996";"Colombia";"0";"0";"0";"0"
"COL";"1997";"Colombia";"0";"0";"0";"0"
"COL";"1998";"Colombia";"0";"0";"0";"0"
"COL";"1999";"Colombia";"0";"0";"0";"0"
"COL";"2000";"Colombia";"0";"0";"1";"1"
"COL";"2001";"Colombia";"0";"1";"1";"2"
"COL";"2002";"Colombia";"0";"0";"1";"1"
"COL";"2003";"Colombia";"1";"0";"1";"2"
"COL";"2004";"Colombia";"0";"0";"0";"0"
"COL";"2005";"Colombia";"0";"1";"0";"1"
"COL";"2006";"Colombia";"0";"0";"0";"0"
"COL";"2007";"Colombia";"0";"1";"1";"2"
"COL";"2008";"Colombia";"0";"0";"0";"0"
"COL";"2009";"Colombia";"0";"0";"0";"0"
"COL";"2010";"Colombia";"0";"0";"0";"0"
"COL";"2011";"Colombia";"0";"0";"1";"1"
"COL";"2012";"Colombia";"1";"0";"0";"1"
"COL";"2013";"Colombia";"0";"0";"0";"0"
"COL";"2014";"Colombia";"0";"0";"0";"0"
"COL";"2015";"Colombia";"0";"0";"1";"1"
"COL";"2016";"Colombia";"0";"0";"2";"2"
"COL";"2017";"Colombia";"0";"0";"0";"0"
"COL";"2018";"Colombia";"0";"0";"0";"0"
"COL";"2019";"Colombia";"0";"0";"1";"1"
"COL";"2020";"Colombia";"0";"0";"1";"1"
"COL";"2021";"Colombia";"0";"0";"1";"1"
"COL";"2022";"Colombia";"0";"0";"0";"0"
"COL";"2023";"Colombia";"0";"0";"0";"0"
"COL";"2024";"Colombia";"0";"0";"0";"0"
"CRI";"1974";"Costa Rica";"1";"0";"0";"1"
"CRI";"1990";"Costa Rica";"0";"0";"0";"0"
"CRI";"1991";"Costa Rica";"0";"0";"0";"0"
"CRI";"1992";"Costa Rica";"0";"0";"1";"1"
"CRI";"1993";"Costa Rica";"0";"0";"0";"0"
"CRI";"1994";"Costa Rica";"0";"0";"0";"0"
"CRI";"1995";"Costa Rica";"0";"0";"0";"0"
"CRI";"1996";"Costa Rica";"0";"0";"0";"0"
"CRI";"1997";"Costa Rica";"0";"0";"0";"0"
"CRI";"1998";"Costa Rica";"0";"0";"0";"0"
"CRI";"1999";"Costa Rica";"1";"0";"0";"1"
"CRI";"2000";"Costa Rica";"0";"1";"1";"2"
"CRI";"2001";"Costa Rica";"0";"0";"0";"0"
"CRI";"2002";"Costa Rica";"0";"0";"0";"0"
"CRI";"2003";"Costa Rica";"0";"0";"0";"0"
"CRI";"2004";"Costa Rica";"0";"0";"0";"0"
"CRI";"2005";"Costa Rica";"0";"0";"0";"0"
"CRI";"2006";"Costa Rica";"0";"1";"0";"1"
"CRI";"2007";"Costa Rica";"0";"0";"0";"0"
"CRI";"2008";"Costa Rica";"0";"0";"0";"0"
"CRI";"2009";"Costa Rica";"0";"0";"0";"0"
"CRI";"2010";"Costa Rica";"0";"0";"0";"0"
"CRI";"2011";"Costa Rica";"0";"0";"1";"1"
"CRI";"2012";"Costa Rica";"0";"0";"1";"1"
"CRI";"2013";"Costa Rica";"0";"0";"0";"0"
"CRI";"2014";"Costa Rica";"0";"0";"0";"0"
"CRI";"2015";"Costa Rica";"0";"0";"1";"1"
"CRI";"2016";"Costa Rica";"0";"0";"0";"0"
"CRI";"2017";"Costa Rica";"0";"0";"0";"0"
"CRI";"2018";"Costa Rica";"0";"0";"1";"1"
"CRI";"2019";"Costa Rica";"0";"1";"0";"1"
"CRI";"2020";"Costa Rica";"0";"0";"0";"0"
"CRI";"2021";"Costa Rica";"0";"0";"0";"0"
"CRI";"2022";"Costa Rica";"0";"0";"0";"0"
"CRI";"2023";"Costa Rica";"0";"0";"0";"0"
"CRI";"2024";"Costa Rica";"0";"0";"0";"0"
"CUB";"1979";"Cuba";"1";"0";"0";"1"
"CUB";"1990";"Cuba";"0";"0";"0";"0"
"CUB";"1991";"Cuba";"0";"0";"0";"0"
"CUB";"1992";"Cuba";"0";"0";"0";"0"
"CUB";"1993";"Cuba";"0";"0";"0";"0"
"CUB";"1994";"Cuba";"0";"0";"0";"0"
"CUB";"1995";"Cuba";"0";"0";"0";"0"
"CUB";"1996";"Cuba";"0";"0";"0";"0"
"CUB";"1997";"Cuba";"0";"0";"0";"0"
"CUB";"1998";"Cuba";"0";"0";"0";"0"
"CUB";"1999";"Cuba";"0";"0";"0";"0"
"CUB";"2000";"Cuba";"0";"0";"0";"0"
"CUB";"2001";"Cuba";"0";"0";"0";"0"
"CUB";"2002";"Cuba";"0";"0";"0";"0"
"CUB";"2003";"Cuba";"0";"0";"0";"0"
"CUB";"2004";"Cuba";"0";"0";"0";"0"
"CUB";"2005";"Cuba";"0";"0";"0";"0"
"CUB";"2006";"Cuba";"0";"0";"0";"0"
"CUB";"2007";"Cuba";"0";"0";"0";"0"
"CUB";"2008";"Cuba";"0";"0";"0";"0"
"CUB";"2009";"Cuba";"0";"0";"0";"0"
"CUB";"2010";"Cuba";"0";"0";"0";"0"
"CUB";"2011";"Cuba";"0";"0";"0";"0"
"CUB";"2012";"Cuba";"0";"0";"0";"0"
"CUB";"2013";"Cuba";"0";"0";"0";"0"
"CUB";"2014";"Cuba";"0";"0";"0";"0"
"CUB";"2015";"Cuba";"0";"0";"0";"0"
"CUB";"2016";"Cuba";"0";"0";"0";"0"
"CUB";"2017";"Cuba";"0";"0";"0";"0"
"CUB";"2018";"Cuba";"0";"0";"0";"0"
"CUB";"2019";"Cuba";"0";"0";"0";"0"
"CUB";"2020";"Cuba";"0";"0";"0";"0"
"CUB";"2021";"Cuba";"0";"0";"0";"0"
"CUB";"2022";"Cuba";"0";"0";"0";"0"
"CUB";"2023";"Cuba";"0";"0";"0";"0"
"CUB";"2024";"Cuba";"0";"0";"0";"0"
"DOM";"1990";"Dominican Republic";"0";"0";"0";"0"
"DOM";"1991";"Dominican Republic";"0";"0";"0";"0"
"DOM";"1992";"Dominican Republic";"0";"0";"0";"0"
"DOM";"1993";"Dominican Republic";"0";"0";"0";"0"
"DOM";"1994";"Dominican Republic";"0";"0";"0";"0"
"DOM";"1995";"Dominican Republic";"0";"0";"0";"0"
"DOM";"1996";"Dominican Republic";"0";"0";"0";"0"
"DOM";"1997";"Dominican Republic";"0";"0";"0";"0"
"DOM";"1998";"Dominican Republic";"0";"0";"0";"0"
"DOM";"1999";"Dominican Republic";"0";"0";"0";"0"
"DOM";"2000";"Dominican Republic";"0";"0";"0";"0"
"DOM";"2001";"Dominican Republic";"0";"0";"0";"0"
"DOM";"2002";"Dominican Republic";"0";"0";"0";"0"
"DOM";"2003";"Dominican Republic";"0";"0";"1";"1"
"DOM";"2004";"Dominican Republic";"0";"0";"0";"0"
"DOM";"2005";"Dominican Republic";"0";"1";"0";"1"
"DOM";"2006";"Dominican Republic";"0";"0";"0";"0"
"DOM";"2007";"Dominican Republic";"0";"0";"0";"0"
"DOM";"2008";"Dominican Republic";"0";"0";"0";"0"
"DOM";"2009";"Dominican Republic";"0";"0";"0";"0"
"DOM";"2010";"Dominican Republic";"0";"0";"0";"0"
"DOM";"2011";"Dominican Republic";"0";"0";"0";"0"
"DOM";"2012";"Dominican Republic";"0";"1";"0";"1"
"DOM";"2013";"Dominican Republic";"0";"0";"0";"0"
"DOM";"2014";"Dominican Republic";"0";"0";"0";"0"
"DOM";"2015";"Dominican Republic";"0";"0";"0";"0"
"DOM";"2016";"Dominican Republic";"0";"0";"0";"0"
"DOM";"2017";"Dominican Republic";"0";"0";"0";"0"
"DOM";"2018";"Dominican Republic";"0";"0";"0";"0"
"DOM";"2019";"Dominican Republic";"1";"0";"0";"1"
"DOM";"2020";"Dominican Republic";"0";"0";"0";"0"
"DOM";"2021";"Dominican Republic";"0";"0";"0";"0"
"DOM";"2022";"Dominican Republic";"0";"0";"0";"0"
"DOM";"2023";"Dominican Republic";"0";"0";"0";"0"
"DOM";"2024";"Dominican Republic";"0";"0";"0";"0"
"ECU";"1990";"Ecuador";"0";"0";"0";"0"
"ECU";"1991";"Ecuador";"0";"0";"0";"0"
"ECU";"1992";"Ecuador";"0";"0";"0";"0"
"ECU";"1993";"Ecuador";"0";"0";"0";"0"
"ECU";"1994";"Ecuador";"0";"0";"0";"0"
"ECU";"1995";"Ecuador";"0";"0";"0";"0"
"ECU";"1996";"Ecuador";"0";"0";"0";"0"
"ECU";"1997";"Ecuador";"0";"0";"0";"0"
"ECU";"1998";"Ecuador";"1";"1";"0";"2"
"ECU";"1999";"Ecuador";"0";"0";"0";"0"
"ECU";"2000";"Ecuador";"0";"0";"0";"0"
"ECU";"2001";"Ecuador";"0";"0";"1";"1"
"ECU";"2002";"Ecuador";"0";"0";"0";"0"
"ECU";"2003";"Ecuador";"1";"1";"0";"2"
"ECU";"2004";"Ecuador";"0";"0";"0";"0"
"ECU";"2005";"Ecuador";"0";"0";"0";"0"
"ECU";"2006";"Ecuador";"0";"0";"0";"0"
"ECU";"2007";"Ecuador";"0";"0";"1";"1"
"ECU";"2008";"Ecuador";"0";"0";"0";"0"
"ECU";"2009";"Ecuador";"1";"0";"0";"1"
"ECU";"2010";"Ecuador";"1";"0";"0";"1"
"ECU";"2011";"Ecuador";"0";"1";"0";"1"
"ECU";"2012";"Ecuador";"0";"0";"0";"0"
"ECU";"2013";"Ecuador";"0";"0";"0";"0"
"ECU";"2014";"Ecuador";"0";"0";"0";"0"
"ECU";"2015";"Ecuador";"0";"0";"0";"0"
"ECU";"2016";"Ecuador";"0";"0";"0";"0"
"ECU";"2017";"Ecuador";"1";"0";"0";"1"
"ECU";"2018";"Ecuador";"0";"0";"3";"3"
"ECU";"2019";"Ecuador";"1";"0";"0";"1"
"ECU";"2020";"Ecuador";"0";"0";"0";"0"
"ECU";"2021";"Ecuador";"0";"0";"0";"0"
"ECU";"2022";"Ecuador";"0";"0";"0";"0"
"ECU";"2023";"Ecuador";"0";"0";"0";"0"
"ECU";"2024";"Ecuador";"0";"0";"0";"0"
"GTM";"1990";"Guatemala";"0";"0";"0";"0"
"GTM";"1991";"Guatemala";"0";"0";"0";"0"
"GTM";"1992";"Guatemala";"0";"0";"0";"0"
"GTM";"1993";"Guatemala";"0";"0";"0";"0"
"GTM";"1994";"Guatemala";"0";"0";"0";"0"
"GTM";"1995";"Guatemala";"0";"0";"0";"0"
"GTM";"1996";"Guatemala";"0";"0";"0";"0"
"GTM";"1997";"Guatemala";"0";"0";"0";"0"
"GTM";"1998";"Guatemala";"0";"0";"0";"0"
"GTM";"1999";"Guatemala";"0";"0";"0";"0"
"GTM";"2000";"Guatemala";"0";"0";"0";"0"
"GTM";"2001";"Guatemala";"0";"0";"0";"0"
"GTM";"2002";"Guatemala";"0";"0";"0";"0"
"GTM";"2003";"Guatemala";"0";"0";"0";"0"
"GTM";"2004";"Guatemala";"0";"0";"0";"0"
"GTM";"2005";"Guatemala";"1";"0";"0";"1"
"GTM";"2006";"Guatemala";"0";"0";"0";"0"
"GTM";"2007";"Guatemala";"0";"1";"0";"1"
"GTM";"2008";"Guatemala";"0";"1";"0";"1"
"GTM";"2009";"Guatemala";"0";"0";"0";"0"
"GTM";"2010";"Guatemala";"0";"0";"0";"0"
"GTM";"2011";"Guatemala";"0";"0";"0";"0"
"GTM";"2012";"Guatemala";"0";"2";"1";"3"
"GTM";"2013";"Guatemala";"0";"0";"2";"2"
"GTM";"2014";"Guatemala";"0";"0";"0";"0"
"GTM";"2015";"Guatemala";"0";"0";"0";"0"
"GTM";"2016";"Guatemala";"0";"0";"0";"0"
"GTM";"2017";"Guatemala";"0";"1";"0";"1"
"GTM";"2018";"Guatemala";"0";"0";"1";"1"
"GTM";"2019";"Guatemala";"0";"0";"0";"0"
"GTM";"2020";"Guatemala";"0";"0";"0";"0"
"GTM";"2021";"Guatemala";"0";"0";"0";"0"
"GTM";"2022";"Guatemala";"0";"0";"0";"0"
"GTM";"2023";"Guatemala";"0";"0";"0";"0"
"GTM";"2024";"Guatemala";"0";"0";"0";"0"
"GUY";"1990";"Guyana";"0";"0";"0";"0"
"GUY";"1991";"Guyana";"0";"0";"0";"0"
"GUY";"1992";"Guyana";"0";"0";"0";"0"
"GUY";"1993";"Guyana";"0";"0";"0";"0"
"GUY";"1994";"Guyana";"1";"0";"0";"1"
"GUY";"1995";"Guyana";"0";"0";"0";"0"
"GUY";"1996";"Guyana";"0";"0";"0";"0"
"GUY";"1997";"Guyana";"0";"0";"0";"0"
"GUY";"1998";"Guyana";"0";"0";"0";"0"
"GUY";"1999";"Guyana";"0";"0";"0";"0"
"GUY";"2000";"Guyana";"0";"0";"0";"0"
"GUY";"2001";"Guyana";"0";"0";"0";"0"
"GUY";"2002";"Guyana";"0";"0";"0";"0"
"GUY";"2003";"Guyana";"0";"0";"0";"0"
"GUY";"2004";"Guyana";"0";"0";"0";"0"
"GUY";"2005";"Guyana";"0";"0";"0";"0"
"GUY";"2006";"Guyana";"0";"0";"0";"0"
"GUY";"2007";"Guyana";"0";"0";"0";"0"
"GUY";"2008";"Guyana";"0";"0";"0";"0"
"GUY";"2009";"Guyana";"0";"0";"0";"0"
"GUY";"2010";"Guyana";"0";"0";"0";"0"
"GUY";"2011";"Guyana";"0";"0";"0";"0"
"GUY";"2012";"Guyana";"0";"0";"0";"0"
"GUY";"2013";"Guyana";"0";"0";"0";"0"
"GUY";"2014";"Guyana";"0";"0";"0";"0"
"GUY";"2015";"Guyana";"0";"0";"0";"0"
"GUY";"2016";"Guyana";"0";"0";"0";"0"
"GUY";"2017";"Guyana";"0";"0";"0";"0"
"GUY";"2018";"Guyana";"0";"0";"0";"0"
"GUY";"2019";"Guyana";"0";"0";"0";"0"
"GUY";"2020";"Guyana";"0";"0";"0";"0"
"GUY";"2021";"Guyana";"0";"0";"0";"0"
"GUY";"2022";"Guyana";"0";"0";"0";"0"
"GUY";"2023";"Guyana";"0";"0";"0";"0"
"GUY";"2024";"Guyana";"0";"0";"0";"0"
"HND";"1990";"Honduras";"0";"1";"0";"1"
"HND";"1991";"Honduras";"0";"0";"0";"0"
"HND";"1992";"Honduras";"0";"0";"0";"0"
"HND";"1993";"Honduras";"0";"0";"0";"0"
"HND";"1994";"Honduras";"0";"0";"0";"0"
"HND";"1995";"Honduras";"0";"0";"0";"0"
"HND";"1996";"Honduras";"0";"0";"0";"0"
"HND";"1997";"Honduras";"0";"0";"0";"0"
"HND";"1998";"Honduras";"0";"1";"0";"1"
"HND";"1999";"Honduras";"0";"0";"0";"0"
"HND";"2000";"Honduras";"0";"0";"0";"0"
"HND";"2001";"Honduras";"0";"0";"0";"0"
"HND";"2002";"Honduras";"0";"0";"0";"0"
"HND";"2003";"Honduras";"0";"0";"0";"0"
"HND";"2004";"Honduras";"0";"0";"1";"1"
"HND";"2005";"Honduras";"0";"0";"0";"0"
"HND";"2006";"Honduras";"0";"1";"0";"1"
"HND";"2007";"Honduras";"0";"0";"0";"0"
"HND";"2008";"Honduras";"0";"0";"0";"0"
"HND";"2009";"Honduras";"0";"0";"0";"0"
"HND";"2010";"Honduras";"0";"1";"0";"1"
"HND";"2011";"Honduras";"0";"0";"0";"0"
"HND";"2012";"Honduras";"0";"0";"0";"0"
"HND";"2013";"Honduras";"0";"0";"0";"0"
"HND";"2014";"Honduras";"0";"0";"2";"2"
"HND";"2015";"Honduras";"0";"0";"0";"0"
"HND";"2016";"Honduras";"0";"0";"0";"0"
"HND";"2017";"Honduras";"0";"0";"0";"0"
"HND";"2018";"Honduras";"0";"0";"0";"0"
"HND";"2019";"Honduras";"0";"0";"0";"0"
"HND";"2020";"Honduras";"0";"0";"0";"0"
"HND";"2021";"Honduras";"0";"0";"0";"0"
"HND";"2022";"Honduras";"0";"0";"0";"0"
"HND";"2023";"Honduras";"0";"0";"0";"0"
"HND";"2024";"Honduras";"0";"0";"0";"0"
"HTI";"1990";"Haiti";"0";"0";"0";"0"
"HTI";"1991";"Haiti";"0";"0";"0";"0"
"HTI";"1992";"Haiti";"0";"0";"0";"0"
"HTI";"1993";"Haiti";"0";"0";"0";"0"
"HTI";"1994";"Haiti";"0";"0";"0";"0"
"HTI";"1995";"Haiti";"0";"0";"0";"0"
"HTI";"1996";"Haiti";"0";"0";"0";"0"
"HTI";"1997";"Haiti";"0";"0";"0";"0"
"HTI";"1998";"Haiti";"0";"0";"0";"0"
"HTI";"1999";"Haiti";"0";"0";"0";"0"
"HTI";"2000";"Haiti";"0";"0";"0";"0"
"HTI";"2001";"Haiti";"0";"0";"0";"0"
"HTI";"2002";"Haiti";"0";"0";"0";"0"
"HTI";"2003";"Haiti";"0";"0";"0";"0"
"HTI";"2004";"Haiti";"0";"0";"0";"0"
"HTI";"2005";"Haiti";"0";"0";"0";"0"
"HTI";"2006";"Haiti";"0";"0";"0";"0"
"HTI";"2007";"Haiti";"0";"0";"0";"0"
"HTI";"2008";"Haiti";"0";"0";"0";"0"
"HTI";"2009";"Haiti";"0";"0";"0";"0"
"HTI";"2010";"Haiti";"0";"0";"0";"0"
"HTI";"2011";"Haiti";"0";"0";"0";"0"
"HTI";"2012";"Haiti";"0";"1";"0";"1"
"HTI";"2013";"Haiti";"0";"0";"2";"2"
"HTI";"2014";"Haiti";"0";"0";"0";"0"
"HTI";"2015";"Haiti";"0";"0";"0";"0"
"HTI";"2016";"Haiti";"0";"0";"0";"0"
"HTI";"2017";"Haiti";"0";"0";"0";"0"
"HTI";"2018";"Haiti";"0";"0";"0";"0"
"HTI";"2019";"Haiti";"0";"0";"0";"0"
"HTI";"2020";"Haiti";"0";"0";"1";"1"
"HTI";"2021";"Haiti";"0";"0";"0";"0"
"HTI";"2022";"Haiti";"0";"0";"0";"0"
"HTI";"2023";"Haiti";"0";"0";"0";"0"
"HTI";"2024";"Haiti";"0";"0";"0";"0"
"JAM";"1990";"Jamaica";"0";"0";"0";"0"
"JAM";"1991";"Jamaica";"0";"0";"0";"0"
"JAM";"1992";"Jamaica";"0";"0";"0";"0"
"JAM";"1993";"Jamaica";"0";"0";"0";"0"
"JAM";"1994";"Jamaica";"0";"0";"0";"0"
"JAM";"1995";"Jamaica";"0";"0";"0";"0"
"JAM";"1996";"Jamaica";"0";"0";"0";"0"
"JAM";"1997";"Jamaica";"0";"0";"0";"0"
"JAM";"1998";"Jamaica";"0";"0";"0";"0"
"JAM";"1999";"Jamaica";"0";"0";"0";"0"
"JAM";"2000";"Jamaica";"0";"0";"0";"0"
"JAM";"2001";"Jamaica";"0";"1";"0";"1"
"JAM";"2002";"Jamaica";"0";"0";"1";"1"
"JAM";"2003";"Jamaica";"0";"0";"0";"0"
"JAM";"2004";"Jamaica";"0";"0";"0";"0"
"JAM";"2005";"Jamaica";"0";"0";"1";"1"
"JAM";"2006";"Jamaica";"0";"0";"0";"0"
"JAM";"2007";"Jamaica";"0";"0";"0";"0"
"JAM";"2008";"Jamaica";"0";"0";"1";"1"
"JAM";"2009";"Jamaica";"0";"0";"0";"0"
"JAM";"2010";"Jamaica";"0";"0";"0";"0"
"JAM";"2011";"Jamaica";"0";"0";"0";"0"
"JAM";"2012";"Jamaica";"0";"0";"0";"0"
"JAM";"2013";"Jamaica";"0";"0";"0";"0"
"JAM";"2014";"Jamaica";"0";"0";"0";"0"
"JAM";"2015";"Jamaica";"0";"0";"0";"0"
"JAM";"2016";"Jamaica";"0";"0";"0";"0"
"JAM";"2017";"Jamaica";"0";"0";"0";"0"
"JAM";"2018";"Jamaica";"0";"0";"0";"0"
"JAM";"2019";"Jamaica";"0";"0";"0";"0"
"JAM";"2020";"Jamaica";"0";"0";"0";"0"
"JAM";"2021";"Jamaica";"0";"0";"0";"0"
"JAM";"2022";"Jamaica";"0";"0";"0";"0"
"JAM";"2023";"Jamaica";"0";"0";"0";"0"
"JAM";"2024";"Jamaica";"0";"0";"0";"0"
"KNA";"1990";"St. Kitts & Nevis";"0";"0";"0";"0"
"KNA";"1991";"St. Kitts & Nevis";"0";"0";"0";"0"
"KNA";"1992";"St. Kitts & Nevis";"0";"0";"0";"0"
"KNA";"1993";"St. Kitts & Nevis";"0";"0";"0";"0"
"KNA";"1994";"St. Kitts & Nevis";"0";"0";"0";"0"
"KNA";"1995";"St. Kitts & Nevis";"0";"0";"0";"0"
"KNA";"1996";"St. Kitts & Nevis";"0";"0";"0";"0"
"KNA";"1997";"St. Kitts & Nevis";"0";"0";"0";"0"
"KNA";"1998";"St. Kitts & Nevis";"1";"0";"0";"1"
"KNA";"1999";"St. Kitts & Nevis";"0";"0";"0";"0"
"KNA";"2000";"St. Kitts & Nevis";"0";"0";"0";"0"
"KNA";"2001";"St. Kitts & Nevis";"0";"0";"0";"0"
"KNA";"2002";"St. Kitts & Nevis";"0";"0";"0";"0"
"KNA";"2003";"St. Kitts & Nevis";"0";"0";"0";"0"
"KNA";"2004";"St. Kitts & Nevis";"0";"0";"0";"0"
"KNA";"2005";"St. Kitts & Nevis";"0";"0";"0";"0"
"KNA";"2006";"St. Kitts & Nevis";"0";"0";"0";"0"
"KNA";"2007";"St. Kitts & Nevis";"0";"0";"0";"0"
"KNA";"2008";"St. Kitts & Nevis";"0";"0";"0";"0"
"KNA";"2009";"St. Kitts & Nevis";"0";"0";"0";"0"
"KNA";"2010";"St. Kitts & Nevis";"0";"0";"0";"0"
"KNA";"2011";"St. Kitts & Nevis";"0";"0";"0";"0"
"KNA";"2012";"St. Kitts & Nevis";"0";"0";"0";"0"
"KNA";"2013";"St. Kitts & Nevis";"0";"0";"0";"0"
"KNA";"2014";"St. Kitts & Nevis";"0";"0";"0";"0"
"KNA";"2015";"St. Kitts & Nevis";"0";"0";"0";"0"
"KNA";"2016";"St. Kitts & Nevis";"0";"0";"0";"0"
"KNA";"2017";"St. Kitts & Nevis";"0";"0";"0";"0"
"KNA";"2018";"St. Kitts & Nevis";"0";"0";"0";"0"
"KNA";"2019";"St. Kitts & Nevis";"0";"0";"0";"0"
"KNA";"2020";"St. Kitts & Nevis";"0";"0";"0";"0"
"KNA";"2021";"St. Kitts & Nevis";"0";"0";"0";"0"
"KNA";"2022";"St. Kitts & Nevis";"0";"0";"0";"0"
"KNA";"2023";"St. Kitts & Nevis";"0";"0";"0";"0"
"KNA";"2024";"St. Kitts & Nevis";"0";"0";"0";"0"
"MEX";"1990";"Mexico";"0";"0";"0";"0"
"MEX";"1991";"Mexico";"0";"0";"0";"0"
"MEX";"1992";"Mexico";"0";"0";"0";"0"
"MEX";"1993";"Mexico";"0";"0";"0";"0"
"MEX";"1994";"Mexico";"0";"0";"0";"0"
"MEX";"1995";"Mexico";"0";"0";"0";"0"
"MEX";"1996";"Mexico";"0";"0";"0";"0"
"MEX";"1997";"Mexico";"0";"1";"0";"1"
"MEX";"1998";"Mexico";"0";"0";"1";"1"
"MEX";"1999";"Mexico";"0";"0";"0";"0"
"MEX";"2000";"Mexico";"0";"0";"1";"1"
"MEX";"2001";"Mexico";"1";"0";"1";"2"
"MEX";"2002";"Mexico";"0";"0";"0";"0"
"MEX";"2003";"Mexico";"0";"0";"2";"2"
"MEX";"2004";"Mexico";"0";"0";"0";"0"
"MEX";"2005";"Mexico";"0";"0";"0";"0"
"MEX";"2006";"Mexico";"0";"0";"0";"0"
"MEX";"2007";"Mexico";"1";"1";"1";"3"
"MEX";"2008";"Mexico";"0";"0";"1";"1"
"MEX";"2009";"Mexico";"0";"0";"0";"0"
"MEX";"2010";"Mexico";"0";"0";"0";"0"
"MEX";"2011";"Mexico";"0";"0";"0";"0"
"MEX";"2012";"Mexico";"0";"0";"0";"0"
"MEX";"2013";"Mexico";"0";"0";"0";"0"
"MEX";"2014";"Mexico";"0";"1";"1";"2"
"MEX";"2015";"Mexico";"0";"0";"0";"0"
"MEX";"2016";"Mexico";"0";"0";"0";"0"
"MEX";"2017";"Mexico";"0";"0";"0";"0"
"MEX";"2018";"Mexico";"0";"0";"0";"0"
"MEX";"2019";"Mexico";"2";"1";"3";"6"
"MEX";"2020";"Mexico";"0";"0";"0";"0"
"MEX";"2021";"Mexico";"0";"0";"1";"1"
"MEX";"2022";"Mexico";"0";"0";"0";"0"
"MEX";"2023";"Mexico";"0";"0";"0";"0"
"MEX";"2024";"Mexico";"0";"0";"0";"0"
"NIC";"1990";"Nicaragua";"0";"0";"0";"0"
"NIC";"1991";"Nicaragua";"0";"0";"0";"0"
"NIC";"1992";"Nicaragua";"0";"0";"0";"0"
"NIC";"1993";"Nicaragua";"0";"0";"0";"0"
"NIC";"1994";"Nicaragua";"0";"0";"0";"0"
"NIC";"1995";"Nicaragua";"0";"0";"0";"0"
"NIC";"1996";"Nicaragua";"0";"0";"0";"0"
"NIC";"1997";"Nicaragua";"0";"0";"0";"0"
"NIC";"1998";"Nicaragua";"0";"0";"0";"0"
"NIC";"1999";"Nicaragua";"0";"0";"0";"0"
"NIC";"2000";"Nicaragua";"0";"1";"0";"1"
"NIC";"2001";"Nicaragua";"0";"0";"0";"0"
"NIC";"2002";"Nicaragua";"0";"0";"0";"0"
"NIC";"2003";"Nicaragua";"0";"0";"0";"0"
"NIC";"2004";"Nicaragua";"0";"0";"0";"0"
"NIC";"2005";"Nicaragua";"0";"1";"0";"1"
"NIC";"2006";"Nicaragua";"0";"0";"0";"0"
"NIC";"2007";"Nicaragua";"0";"0";"2";"2"
"NIC";"2008";"Nicaragua";"0";"0";"0";"0"
"NIC";"2009";"Nicaragua";"0";"0";"0";"0"
"NIC";"2010";"Nicaragua";"0";"0";"0";"0"
"NIC";"2011";"Nicaragua";"0";"0";"0";"0"
"NIC";"2012";"Nicaragua";"0";"0";"0";"0"
"NIC";"2013";"Nicaragua";"0";"0";"0";"0"
"NIC";"2014";"Nicaragua";"0";"0";"0";"0"
"NIC";"2015";"Nicaragua";"0";"0";"0";"0"
"NIC";"2016";"Nicaragua";"0";"0";"0";"0"
"NIC";"2017";"Nicaragua";"0";"0";"0";"0"
"NIC";"2018";"Nicaragua";"0";"0";"0";"0"
"NIC";"2019";"Nicaragua";"0";"0";"0";"0"
"NIC";"2020";"Nicaragua";"0";"0";"0";"0"
"NIC";"2021";"Nicaragua";"0";"0";"0";"0"
"NIC";"2022";"Nicaragua";"0";"0";"0";"0"
"NIC";"2023";"Nicaragua";"0";"0";"0";"0"
"NIC";"2024";"Nicaragua";"0";"0";"0";"0"
"PAN";"1990";"Panama";"0";"0";"0";"0"
"PAN";"1991";"Panama";"0";"0";"0";"0"
"PAN";"1992";"Panama";"0";"0";"0";"0"
"PAN";"1993";"Panama";"0";"0";"0";"0"
"PAN";"1994";"Panama";"0";"0";"0";"0"
"PAN";"1995";"Panama";"0";"0";"0";"0"
"PAN";"1996";"Panama";"0";"0";"0";"0"
"PAN";"1997";"Panama";"0";"0";"0";"0"
"PAN";"1998";"Panama";"0";"0";"0";"0"
"PAN";"1999";"Panama";"0";"0";"0";"0"
"PAN";"2000";"Panama";"0";"0";"1";"1"
"PAN";"2001";"Panama";"0";"0";"0";"0"
"PAN";"2002";"Panama";"0";"0";"0";"0"
"PAN";"2003";"Panama";"0";"0";"0";"0"
"PAN";"2004";"Panama";"0";"0";"0";"0"
"PAN";"2005";"Panama";"0";"1";"0";"1"
"PAN";"2006";"Panama";"0";"1";"1";"2"
"PAN";"2007";"Panama";"0";"0";"1";"1"
"PAN";"2008";"Panama";"0";"0";"0";"0"
"PAN";"2009";"Panama";"1";"0";"1";"2"
"PAN";"2010";"Panama";"0";"0";"0";"0"
"PAN";"2011";"Panama";"0";"0";"0";"0"
"PAN";"2012";"Panama";"0";"0";"0";"0"
"PAN";"2013";"Panama";"1";"0";"0";"1"
"PAN";"2014";"Panama";"0";"0";"1";"1"
"PAN";"2015";"Panama";"0";"0";"1";"1"
"PAN";"2016";"Panama";"0";"0";"0";"0"
"PAN";"2017";"Panama";"0";"0";"0";"0"
"PAN";"2018";"Panama";"0";"0";"0";"0"
"PAN";"2019";"Panama";"0";"0";"0";"0"
"PAN";"2020";"Panama";"0";"1";"0";"1"
"PAN";"2021";"Panama";"0";"0";"0";"0"
"PAN";"2022";"Panama";"0";"0";"0";"0"
"PAN";"2023";"Panama";"0";"0";"0";"0"
"PAN";"2024";"Panama";"0";"0";"0";"0"
"PER";"1990";"Peru";"0";"0";"0";"0"
"PER";"1991";"Peru";"0";"0";"0";"0"
"PER";"1992";"Peru";"0";"0";"1";"1"
"PER";"1993";"Peru";"0";"0";"0";"0"
"PER";"1994";"Peru";"0";"0";"0";"0"
"PER";"1995";"Peru";"0";"0";"0";"0"
"PER";"1996";"Peru";"0";"0";"0";"0"
"PER";"1997";"Peru";"0";"0";"0";"0"
"PER";"1998";"Peru";"0";"0";"0";"0"
"PER";"1999";"Peru";"0";"0";"0";"0"
"PER";"2000";"Peru";"0";"0";"0";"0"
"PER";"2001";"Peru";"0";"0";"0";"0"
"PER";"2002";"Peru";"0";"0";"0";"0"
"PER";"2003";"Peru";"0";"0";"0";"0"
"PER";"2004";"Peru";"0";"0";"0";"0"
"PER";"2005";"Peru";"0";"1";"0";"1"
"PER";"2006";"Peru";"0";"0";"1";"1"
"PER";"2007";"Peru";"0";"0";"0";"0"
"PER";"2008";"Peru";"0";"0";"0";"0"
"PER";"2009";"Peru";"0";"0";"0";"0"
"PER";"2010";"Peru";"0";"0";"0";"0"
"PER";"2011";"Peru";"1";"0";"2";"3"
"PER";"2012";"Peru";"0";"0";"0";"0"
"PER";"2013";"Peru";"0";"0";"0";"0"
"PER";"2014";"Peru";"0";"0";"1";"1"
"PER";"2015";"Peru";"0";"0";"0";"0"
"PER";"2016";"Peru";"0";"0";"0";"0"
"PER";"2017";"Peru";"1";"0";"0";"1"
"PER";"2018";"Peru";"0";"0";"0";"0"
"PER";"2019";"Peru";"0";"0";"0";"0"
"PER";"2020";"Peru";"0";"0";"0";"0"
"PER";"2021";"Peru";"0";"0";"0";"0"
"PER";"2022";"Peru";"0";"0";"0";"0"
"PER";"2023";"Peru";"0";"0";"0";"0"
"PER";"2024";"Peru";"0";"0";"0";"0"
"PRY";"1990";"Paraguay";"0";"0";"0";"0"
"PRY";"1991";"Paraguay";"0";"0";"0";"0"
"PRY";"1992";"Paraguay";"0";"0";"0";"0"
"PRY";"1993";"Paraguay";"0";"0";"0";"0"
"PRY";"1994";"Paraguay";"0";"0";"0";"0"
"PRY";"1995";"Paraguay";"0";"0";"0";"0"
"PRY";"1996";"Paraguay";"0";"0";"0";"0"
"PRY";"1997";"Paraguay";"0";"0";"0";"0"
"PRY";"1998";"Paraguay";"0";"0";"0";"0"
"PRY";"1999";"Paraguay";"0";"0";"0";"0"
"PRY";"2000";"Paraguay";"0";"0";"0";"0"
"PRY";"2001";"Paraguay";"0";"0";"0";"0"
"PRY";"2002";"Paraguay";"0";"0";"0";"0"
"PRY";"2003";"Paraguay";"0";"0";"0";"0"
"PRY";"2004";"Paraguay";"0";"0";"0";"0"
"PRY";"2005";"Paraguay";"0";"2";"0";"2"
"PRY";"2006";"Paraguay";"0";"0";"0";"0"
"PRY";"2007";"Paraguay";"0";"0";"0";"0"
"PRY";"2008";"Paraguay";"0";"0";"0";"0"
"PRY";"2009";"Paraguay";"1";"0";"0";"1"
"PRY";"2010";"Paraguay";"0";"0";"1";"1"
"PRY";"2011";"Paraguay";"0";"0";"0";"0"
"PRY";"2012";"Paraguay";"0";"0";"0";"0"
"PRY";"2013";"Paraguay";"0";"0";"1";"1"
"PRY";"2014";"Paraguay";"0";"0";"2";"2"
"PRY";"2015";"Paraguay";"0";"0";"1";"1"
"PRY";"2016";"Paraguay";"0";"0";"0";"0"
"PRY";"2017";"Paraguay";"0";"0";"0";"0"
"PRY";"2018";"Paraguay";"0";"0";"1";"1"
"PRY";"2019";"Paraguay";"0";"0";"0";"0"
"PRY";"2020";"Paraguay";"0";"0";"0";"0"
"PRY";"2021";"Paraguay";"0";"0";"1";"1"
"PRY";"2022";"Paraguay";"0";"0";"0";"0"
"PRY";"2023";"Paraguay";"0";"0";"0";"0"
"PRY";"2024";"Paraguay";"0";"0";"0";"0"
"SLV";"1990";"El Salvador";"0";"0";"0";"0"
"SLV";"1991";"El Salvador";"0";"0";"0";"0"
"SLV";"1992";"El Salvador";"0";"0";"0";"0"
"SLV";"1993";"El Salvador";"0";"0";"0";"0"
"SLV";"1994";"El Salvador";"0";"0";"0";"0"
"SLV";"1995";"El Salvador";"0";"0";"0";"0"
"SLV";"1996";"El Salvador";"0";"0";"0";"0"
"SLV";"1997";"El Salvador";"0";"0";"0";"0"
"SLV";"1998";"El Salvador";"0";"0";"0";"0"
"SLV";"1999";"El Salvador";"0";"0";"0";"0"
"SLV";"2000";"El Salvador";"0";"0";"0";"0"
"SLV";"2001";"El Salvador";"0";"0";"0";"0"
"SLV";"2002";"El Salvador";"0";"0";"0";"0"
"SLV";"2003";"El Salvador";"0";"0";"0";"0"
"SLV";"2004";"El Salvador";"0";"0";"0";"0"
"SLV";"2005";"El Salvador";"0";"1";"0";"1"
"SLV";"2006";"El Salvador";"0";"0";"0";"0"
"SLV";"2007";"El Salvador";"0";"0";"0";"0"
"SLV";"2008";"El Salvador";"0";"0";"0";"0"
"SLV";"2009";"El Salvador";"1";"0";"1";"2"
"SLV";"2010";"El Salvador";"0";"0";"0";"0"
"SLV";"2011";"El Salvador";"0";"0";"0";"0"
"SLV";"2012";"El Salvador";"0";"0";"0";"0"
"SLV";"2013";"El Salvador";"0";"0";"0";"0"
"SLV";"2014";"El Salvador";"0";"0";"1";"1"
"SLV";"2015";"El Salvador";"0";"0";"0";"0"
"SLV";"2016";"El Salvador";"0";"0";"0";"0"
"SLV";"2017";"El Salvador";"0";"0";"0";"0"
"SLV";"2018";"El Salvador";"0";"0";"0";"0"
"SLV";"2019";"El Salvador";"0";"0";"0";"0"
"SLV";"2020";"El Salvador";"0";"0";"0";"0"
"SLV";"2021";"El Salvador";"0";"0";"0";"0"
"SLV";"2022";"El Salvador";"0";"0";"0";"0"
"SLV";"2023";"El Salvador";"0";"0";"0";"0"
"SLV";"2024";"El Salvador";"0";"0";"0";"0"
"TTO";"1990";"Trinidad & Tobago";"0";"0";"0";"0"
"TTO";"1991";"Trinidad & Tobago";"0";"0";"0";"0"
"TTO";"1992";"Trinidad & Tobago";"0";"0";"0";"0"
"TTO";"1993";"Trinidad & Tobago";"0";"0";"0";"0"
"TTO";"1994";"Trinidad & Tobago";"0";"0";"0";"0"
"TTO";"1995";"Trinidad & Tobago";"0";"0";"0";"0"
"TTO";"1996";"Trinidad & Tobago";"0";"0";"0";"0"
"TTO";"1997";"Trinidad & Tobago";"1";"0";"0";"1"
"TTO";"1998";"Trinidad & Tobago";"0";"0";"0";"0"
"TTO";"1999";"Trinidad & Tobago";"0";"0";"0";"0"
"TTO";"2000";"Trinidad & Tobago";"0";"0";"0";"0"
"TTO";"2001";"Trinidad & Tobago";"1";"0";"0";"1"
"TTO";"2002";"Trinidad & Tobago";"0";"0";"0";"0"
"TTO";"2003";"Trinidad & Tobago";"0";"0";"0";"0"
"TTO";"2004";"Trinidad & Tobago";"0";"0";"0";"0"
"TTO";"2005";"Trinidad & Tobago";"0";"1";"0";"1"
"TTO";"2006";"Trinidad & Tobago";"0";"0";"0";"0"
"TTO";"2007";"Trinidad & Tobago";"0";"0";"0";"0"
"TTO";"2008";"Trinidad & Tobago";"0";"0";"0";"0"
"TTO";"2009";"Trinidad & Tobago";"0";"0";"0";"0"
"TTO";"2010";"Trinidad & Tobago";"0";"0";"1";"1"
"TTO";"2011";"Trinidad & Tobago";"0";"0";"0";"0"
"TTO";"2012";"Trinidad & Tobago";"0";"0";"0";"0"
"TTO";"2013";"Trinidad & Tobago";"0";"0";"0";"0"
"TTO";"2014";"Trinidad & Tobago";"0";"0";"0";"0"
"TTO";"2015";"Trinidad & Tobago";"0";"0";"0";"0"
"TTO";"2016";"Trinidad & Tobago";"0";"0";"0";"0"
"TTO";"2017";"Trinidad & Tobago";"0";"0";"0";"0"
"TTO";"2018";"Trinidad & Tobago";"0";"0";"0";"0"
"TTO";"2019";"Trinidad & Tobago";"0";"0";"0";"0"
"TTO";"2020";"Trinidad & Tobago";"0";"0";"0";"0"
"TTO";"2021";"Trinidad & Tobago";"0";"0";"0";"0"
"TTO";"2022";"Trinidad & Tobago";"0";"0";"1";"1"
"TTO";"2023";"Trinidad & Tobago";"0";"0";"0";"0"
"TTO";"2024";"Trinidad & Tobago";"0";"0";"0";"0"
"URY";"1919";"Uruguay";"1";"0";"0";"1"
"URY";"1990";"Uruguay";"0";"0";"0";"0"
"URY";"1991";"Uruguay";"0";"0";"0";"0"
"URY";"1992";"Uruguay";"0";"0";"0";"0"
"URY";"1993";"Uruguay";"0";"0";"1";"1"
"URY";"1994";"Uruguay";"0";"0";"0";"0"
"URY";"1995";"Uruguay";"0";"0";"0";"0"
"URY";"1996";"Uruguay";"0";"0";"1";"1"
"URY";"1997";"Uruguay";"0";"0";"0";"0"
"URY";"1998";"Uruguay";"0";"0";"0";"0"
"URY";"1999";"Uruguay";"0";"0";"0";"0"
"URY";"2000";"Uruguay";"0";"0";"0";"0"
"URY";"2001";"Uruguay";"0";"0";"0";"0"
"URY";"2002";"Uruguay";"0";"0";"0";"0"
"URY";"2003";"Uruguay";"0";"0";"0";"0"
"URY";"2004";"Uruguay";"0";"0";"0";"0"
"URY";"2005";"Uruguay";"0";"1";"0";"1"
"URY";"2006";"Uruguay";"0";"1";"2";"3"
"URY";"2007";"Uruguay";"0";"0";"2";"2"
"URY";"2008";"Uruguay";"0";"1";"0";"1"
"URY";"2009";"Uruguay";"0";"0";"0";"0"
"URY";"2010";"Uruguay";"0";"0";"2";"2"
"URY";"2011";"Uruguay";"0";"0";"1";"1"
"URY";"2012";"Uruguay";"0";"0";"3";"3"
"URY";"2013";"Uruguay";"0";"0";"1";"1"
"URY";"2014";"Uruguay";"0";"0";"0";"0"
"URY";"2015";"Uruguay";"0";"0";"0";"0"
"URY";"2016";"Uruguay";"0";"0";"0";"0"
"URY";"2017";"Uruguay";"0";"0";"0";"0"
"URY";"2018";"Uruguay";"0";"0";"0";"0"
"URY";"2019";"Uruguay";"0";"0";"0";"0"
"URY";"2020";"Uruguay";"0";"0";"0";"0"
"URY";"2021";"Uruguay";"0";"0";"0";"0"
"URY";"2022";"Uruguay";"0";"0";"1";"1"
"URY";"2023";"Uruguay";"0";"0";"0";"0"
"URY";"2024";"Uruguay";"0";"0";"0";"0"
"VCT";"1990";"St. Vincent & Grenadines";"0";"0";"0";"0"
"VCT";"1991";"St. Vincent & Grenadines";"0";"0";"0";"0"
"VCT";"1992";"St. Vincent & Grenadines";"0";"0";"0";"0"
"VCT";"1993";"St. Vincent & Grenadines";"0";"0";"0";"0"
"VCT";"1994";"St. Vincent & Grenadines";"0";"0";"0";"0"
"VCT";"1995";"St. Vincent & Grenadines";"0";"0";"0";"0"
"VCT";"1996";"St. Vincent & Grenadines";"0";"0";"0";"0"
"VCT";"1997";"St. Vincent & Grenadines";"0";"0";"0";"0"
"VCT";"1998";"St. Vincent & Grenadines";"1";"0";"0";"1"
"VCT";"1999";"St. Vincent & Grenadines";"0";"0";"0";"0"
"VCT";"2000";"St. Vincent & Grenadines";"0";"0";"0";"0"
"VCT";"2001";"St. Vincent & Grenadines";"0";"0";"0";"0"
"VCT";"2002";"St. Vincent & Grenadines";"0";"0";"0";"0"
"VCT";"2003";"St. Vincent & Grenadines";"0";"0";"0";"0"
"VCT";"2004";"St. Vincent & Grenadines";"0";"0";"0";"0"
"VCT";"2005";"St. Vincent & Grenadines";"0";"0";"0";"0"
"VCT";"2006";"St. Vincent & Grenadines";"0";"0";"0";"0"
"VCT";"2007";"St. Vincent & Grenadines";"0";"0";"0";"0"
"VCT";"2008";"St. Vincent & Grenadines";"0";"0";"0";"0"
"VCT";"2009";"St. Vincent & Grenadines";"0";"0";"0";"0"
"VCT";"2010";"St. Vincent & Grenadines";"0";"0";"0";"0"
"VCT";"2011";"St. Vincent & Grenadines";"0";"0";"0";"0"
"VCT";"2012";"St. Vincent & Grenadines";"0";"0";"0";"0"
"VCT";"2013";"St. Vincent & Grenadines";"0";"0";"0";"0"
"VCT";"2014";"St. Vincent & Grenadines";"0";"0";"0";"0"
"VCT";"2015";"St. Vincent & Grenadines";"0";"0";"0";"0"
"VCT";"2016";"St. Vincent & Grenadines";"0";"0";"0";"0"
"VCT";"2017";"St. Vincent & Grenadines";"0";"0";"0";"0"
"VCT";"2018";"St. Vincent & Grenadines";"0";"0";"0";"0"
"VCT";"2019";"St. Vincent & Grenadines";"0";"0";"1";"1"
"VCT";"2020";"St. Vincent & Grenadines";"0";"0";"0";"0"
"VCT";"2021";"St. Vincent & Grenadines";"0";"0";"0";"0"
"VCT";"2022";"St. Vincent & Grenadines";"0";"0";"0";"0"
"VCT";"2023";"St. Vincent & Grenadines";"0";"0";"0";"0"
"VCT";"2024";"St. Vincent & Grenadines";"0";"0";"0";"0"
"VEN";"1990";"Venezuela";"0";"0";"0";"0"
"VEN";"1991";"Venezuela";"0";"0";"0";"0"
"VEN";"1992";"Venezuela";"0";"0";"0";"0"
"VEN";"1993";"Venezuela";"0";"0";"0";"0"
"VEN";"1994";"Venezuela";"0";"0";"0";"0"
"VEN";"1995";"Venezuela";"0";"0";"0";"0"
"VEN";"1996";"Venezuela";"0";"0";"0";"0"
"VEN";"1997";"Venezuela";"0";"0";"0";"0"
"VEN";"1998";"Venezuela";"0";"0";"0";"0"
"VEN";"1999";"Venezuela";"0";"0";"0";"0"
"VEN";"2000";"Venezuela";"0";"0";"0";"0"
"VEN";"2001";"Venezuela";"0";"0";"0";"0"
"VEN";"2002";"Venezuela";"0";"0";"0";"0"
"VEN";"2003";"Venezuela";"0";"0";"1";"1"
"VEN";"2004";"Venezuela";"0";"0";"0";"0"
"VEN";"2005";"Venezuela";"0";"0";"0";"0"
"VEN";"2006";"Venezuela";"0";"0";"0";"0"
"VEN";"2007";"Venezuela";"0";"0";"0";"0"
"VEN";"2008";"Venezuela";"0";"0";"0";"0"
"VEN";"2009";"Venezuela";"0";"0";"0";"0"
"VEN";"2010";"Venezuela";"0";"0";"0";"0"
"VEN";"2011";"Venezuela";"1";"0";"0";"1"
"VEN";"2012";"Venezuela";"0";"0";"1";"1"
"VEN";"2013";"Venezuela";"0";"0";"0";"0"
"VEN";"2014";"Venezuela";"0";"0";"0";"0"
"VEN";"2015";"Venezuela";"0";"0";"0";"0"
"VEN";"2016";"Venezuela";"0";"0";"1";"1"
"VEN";"2017";"Venezuela";"0";"0";"0";"0"
"VEN";"2018";"Venezuela";"0";"0";"0";"0"
"VEN";"2019";"Venezuela";"0";"0";"0";"0"
"VEN";"2020";"Venezuela";"0";"0";"0";"0"
"VEN";"2021";"Venezuela";"0";"0";"0";"0"
"VEN";"2022";"Venezuela";"0";"0";"0";"0"
"VEN";"2023";"Venezuela";"0";"0";"0";"0"
"VEN";"2024";"Venezuela";"0";"0";"0";"0"
